Quote,Author
You do not rise to the level of your goals 🎯. You fall to the level of your systems ⚙️.,James Clear
The future depends on what you do today 🌱.,Mahatma Gandhi
Dreams become plans 📝 when you give them a deadline ⏰.,Unknown
The secret of getting ahead 🚀 is getting started.,Mark Twain
Nobody is coming to build the life you keep imagining 💭. Start building it 🛠️.,Unknown
He who conquers others is strong 💪; he who conquers himself is mighty 🦁.,Lao Tzu
"Your comfort zone 🛋️ is a beautiful place, but nothing grows there 🌱.",Unknown
It is never too late ⏳ to be what you might have been ✨.,George Eliot
Discipline is choosing between what you want now ⚡ and what you want most 🎯.,Abraham Lincoln
You will never always be motivated 🔥. You must learn to be disciplined 🧠.,Unknown
The pain of discipline weighs ounces ⚖️; the pain of regret weighs tons 🏋️.,Jim Rohn
"If you are tired of starting over 🔄, stop giving up 🛑.",Unknown
"Success 🏆 is the sum of small efforts, repeated day in and day out 📅.",Robert Collier
Do something today 🌟 that your future self will thank you for 🙏.,Unknown
The man who moves a mountain ⛰️ begins by carrying away small stones 🪨.,Confucius
Your excuses 🚧 will never be stronger than your reasons to succeed 🎯.,Unknown
Act as if what you do makes a difference 🌍. It does.,William James
You cannot change your life 🔄 until you change something you do daily 📅.,John C. Maxwell
"A year from now 📆, you will wish you had started today 🚀.",Unknown
Great things 🌟 are done by a series of small things brought together 🧩.,Vincent van Gogh
"The harder you work 💪 for something, the greater you will feel when you finally achieve it 🏆.",Unknown
Don't watch the clock ⏰; do what it does. Keep going 🚶.,Sam Levenson
Your life changes 🔄 the moment you decide that excuses are no longer acceptable 🚫.,Unknown
"Fall seven times 7️⃣, stand up eight 💪.",Japanese Proverb
Failure ❌ is not the opposite of success 🏆; it is part of success.,Unknown
"Whether you think you can 💪 or you think you can't ❌, you're right.",Henry Ford
You don't need more time ⏰. You need more focus 🎯.,Unknown
What seems impossible today 🚫 will one day become your proof of what is possible ✨.,Unknown
It always seems impossible 🚧 until it's done ✅.,Nelson Mandela
Your potential 🌟 means nothing if you refuse to act on it 🚀.,Unknown
Start where you are 📍. Use what you have 🛠️. Do what you can 💪.,Arthur Ashe
The distance between your dreams 💭 and reality 🌎 is called action 🚀.,Unknown
Success 🏆 usually comes to those who are too busy working 💪 to be looking for it.,Henry David Thoreau
You are one decision 🧠 away from changing the direction of your life 🧭.,Unknown
The only way to do great work 🌟 is to love what you do ❤️.,Steve Jobs
Stop waiting ⏳ for the perfect moment. Make the moment matter ✨.,Unknown
"If you want something you've never had 🎯, you must be willing to do something you've never done 🚀.",Thomas Jefferson
Your habits 🔄 are quietly building the person you will become 🌱.,Unknown
Great works 🌟 are performed not by strength 💪 but by perseverance 🧗.,Samuel Johnson
The version of you that you want to become 🌟 is built by the choices you make today 🧱.,Unknown
Success 🏆 is walking from failure ❌ to failure with no loss of enthusiasm 🔥.,Winston Churchill
You cannot defeat a person who refuses to quit 🛡️.,Unknown
The only limit to our realization of tomorrow 🚀 is our doubts of today 🧠.,Franklin D. Roosevelt
Your doubts are not predictions 🔮. They are just thoughts 💭.,Unknown
Energy ⚡ and persistence 🧗 conquer all things.,Benjamin Franklin
Do not let a bad chapter 📖 convince you that your story is over 🛑.,Unknown
"If opportunity doesn't knock 🚪, build a door 🛠️.",Milton Berle
Nobody remembers the days you almost gave up 😔. They remember the day you made it 🏆.,Unknown
The future belongs to those who believe in the beauty of their dreams ✨💭.,Eleanor Roosevelt
You owe your future self 👤 more than another excuse 🚫.,Unknown
Do not wait ⏳ to strike till the iron is hot 🔥; but make it hot by striking ⚒️.,William Butler Yeats
Your results 📊 will eventually expose what your habits have been hiding 🔍.,Unknown
The only person you are destined to become 🌟 is the person you decide to be 🧠.,Ralph Waldo Emerson
You don't need permission 🚫 to become who you were meant to be 🌟.,Unknown
"Courage doesn't always roar 🦁. Sometimes courage is the quiet voice saying, “I will try again tomorrow.” 🌅",Mary Anne Radmacher
Every day you delay ⏳ is another day your dream waits for you 💭.,Unknown
"Success 🏆 is not final, failure ❌ is not fatal: it is the courage to continue 💪 that counts.",Winston Churchill
You become unstoppable 🚀 when quitting is no longer an option 🛑.,Unknown
The journey of a thousand miles 🛣️ begins with one step 👣.,Lao Tzu
One disciplined hour ⏰ today can change the direction of your entire year 🧭.,Unknown
Nothing will work ⚙️ unless you do 💪.,Maya Angelou
Your life will not change 🔄 because you want it to. It changes when you do 🚀.,Unknown
Believe you can 💭 and you're halfway there 🏃.,Theodore Roosevelt
The hardest step 👣 is often the one you keep postponing ⏳.,Unknown
Don't limit your challenges 🚧. Challenge your limits 💪.,Jerry Dunn
You are capable of more 🌟 than your current circumstances suggest 🌱.,Unknown
The best way out 🚪 is always through 🧗.,Robert Frost
You don't find confidence 💪. You build it by keeping promises to yourself 🤝.,Unknown
What you do every day 📅 matters more than what you do once in a while ⚡.,Gretchen Rubin
Your future 🔮 is being created by what you repeatedly do right now 🔄.,Unknown
Hardships ⛰️ often prepare ordinary people for an extraordinary destiny 🌟.,C. S. Lewis
The struggle you are avoiding 🚧 may be the exact thing that makes you stronger 💪.,Unknown
There is no substitute for hard work 💪.,Thomas Edison
"Talent 🌟 may open the door 🚪, but consistency 🔄 decides who stays in the room.",Unknown
You miss 100% of the shots 🏀 you don't take 🎯.,Wayne Gretzky
Regret 😔 is often the price of the chances you were too afraid to take 😨.,Unknown
Don't count the days 📅. Make the days count 🏆.,Muhammad Ali
"Your circumstances may explain where you are 📍, but they do not decide where you finish 🏁.",Unknown
The secret of success 🏆 is to do the common thing uncommonly well 🌟.,John D. Rockefeller
You don't need to be extraordinary 🌟. You need to be relentless 🔥.,Unknown
"Quality 🌟 is not an act, it is a habit 🔄.",Aristotle
Every excuse you repeat 🔁 becomes a wall 🧱 between you and the life you want 🌅.,Unknown
"If you can dream it 💭, you can do it 🚀.",Walt Disney
Stop measuring your progress 📏 against someone else's timeline ⏰.,Unknown
"The future starts today 🌅, not tomorrow ⏳.",Pope John Paul II
Small progress 🌱 is still progress. Keep moving 🚶.,Unknown
You may have to fight a battle ⚔️ more than once to win it 🏆.,Margaret Thatcher
The person you want to become 🌟 is waiting on the other side of your discipline 💪.,Unknown
Great things 🌟 never come from comfort zones 🛋️.,Roy T. Bennett
"If you keep doing what you've always done 🔄, you'll keep getting what you've always got 📊.",Unknown
Don't be afraid 😨 to give up the good 👍 to go for the great 🌟.,John D. Rockefeller
Your comfort today 🛋️ can become your regret tomorrow 😔.,Unknown
The pain you feel today 😣 will be the strength you feel tomorrow 💪.,Unknown
Success 🏆 is not for the chosen few. It is built by the few who choose not to quit 🔥.,Unknown
"When you feel like quitting 😔, remember why you started 🎯.",Unknown
A goal 🎯 without a plan 📝 is just a wish 💭.,Antoine de Saint-Exupéry
Your next chapter 📖 requires you to stop rereading the last one 🔄.,Unknown
You can either suffer the pain of discipline 💪 or the pain of regret 😔.,Jim Rohn
"One day 🌅, your discipline will become the life you once prayed for 🙏.",Unknown
The best time to plant a tree 🌳 was 20 years ago. The second best time is now ⏰.,Chinese Proverb
You are not behind ⏳. You are being challenged to become stronger 💪.,Unknown
"If it matters to you ❤️, you will find a way 🛣️. If not, you will find an excuse 🚫.",Unknown
Work in silence 🤫. Let your results make the noise 📣.,Unknown
Your future self 👤 is watching what you do with today 📅.,Unknown
The world 🌎 rewards those who keep showing up 👊 after motivation disappears 🔥.,Unknown
You don't have to see the whole staircase 🪜. Just take the first step 👣.,Martin Luther King Jr.
The life you want 🌅 is hidden inside the work you keep avoiding 🛠️.,Unknown
Keep going 🚶. Your breakthrough 💥 may be closer than your frustration suggests 😤.,Unknown
You were not given this dream 💭 to spend your life doubting it ❌.,Unknown
The strongest version of you 💪 is built on the days you wanted to quit 😔 but didn't 🔥.,Unknown
Start before you're ready 🚀. Become ready by starting 🏁.,Unknown
Your actions today 👣 are votes for the person you will become tomorrow 🌟.,Unknown
"Don't wait for confidence 💪. Act 🚀, and let confidence catch up 🏃.",Unknown
You have survived every difficult day 🌧️ that brought you here. Keep going 💪.,Unknown
The difference between wishing 💭 and achieving 🏆 is what you do next 👉.,Unknown
"Never, never, in nothing great or small, large or petty, never give in 🛡️ except to convictions of honour and good sense.",Winston Churchill
"Your time is limited ⏳, so don't waste it living someone else's life 🚫.",Steve Jobs
Stay hungry 🍽️. Stay foolish 🤪.,Steve Jobs
You can't connect the dots 🔵 looking forward; you can only connect them looking backwards 🔙.,Steve Jobs
The only way to do great work 🌟 is to love what you do ❤️.,Steve Jobs
Don't settle 🚫.,Steve Jobs
Have the courage ❤️‍🔥 to follow your heart ❤️ and intuition 🧭.,Steve Jobs
"I have not failed ❌. I've just found 10,000 ways that won't work 🔬.",Thomas Edison
Opportunity 🚪 is missed by most people because it is dressed in overalls 👷 and looks like work 🛠️.,Thomas Edison
Many of life's failures ❌ are people who did not realize how close they were to success 🏆 when they gave up 😔.,Thomas Edison
The value of an idea 💡 lies in the using of it 🛠️.,Thomas Edison
The future belongs to those who believe 💭 in the beauty of their dreams ✨.,Eleanor Roosevelt
Do one thing every day 📅 that scares you 😨.,Eleanor Roosevelt
You must do the thing 💪 you think you cannot do 🚀.,Eleanor Roosevelt
No one can make you feel inferior 🚫 without your consent 🧠.,Eleanor Roosevelt
It always seems impossible 🚧 until it's done ✅.,Nelson Mandela
Education 📚 is the most powerful weapon ⚔️ which you can use to change the world 🌎.,Nelson Mandela
"I learned that courage 🦁 was not the absence of fear 😨, but the triumph over it 🏆.",Nelson Mandela
"The brave man 🦁 is not he who does not feel afraid, but he who conquers that fear 💪.",Nelson Mandela
It is not where you start 📍 but how high you aim 🎯 that matters for success 🏆.,Nelson Mandela
"You may encounter many defeats ❌, but you must not be defeated 💪.",Maya Angelou
Nothing will work ⚙️ unless you do 💪.,Maya Angelou
Try to be a rainbow 🌈 in someone's cloud ☁️.,Maya Angelou
"My mission 🎯 in life is not merely to survive, but to thrive 🌱.",Maya Angelou
We may encounter many defeats ❌ but we must not be defeated 🛡️.,Maya Angelou
Believe you can 💭 and you're halfway there 🏃.,Theodore Roosevelt
"Do what you can 💪, with what you have 🛠️, where you are 📍.",Theodore Roosevelt
Far and away the best prize 🏆 that life offers is the chance to work hard 💪 at work worth doing 🌟.,Theodore Roosevelt
"Nothing in the world 🌎 is worth having or worth doing unless it means effort 💪, pain 😣, difficulty ⛰️.",Theodore Roosevelt
The credit belongs to the man 👤 who is actually in the arena 🏟️.,Theodore Roosevelt
"In a moment of decision 🧠, the best thing you can do is the right thing ✅.",Theodore Roosevelt
"Keep your eyes on the stars ⭐, and your feet on the ground 🌍.",Theodore Roosevelt
The only limit to our realization of tomorrow 🚀 is our doubts of today 💭.,Franklin D. Roosevelt
The only thing we have to fear 😨 is fear itself 🧠.,Franklin D. Roosevelt
"When you reach the end of your rope 🪢, tie a knot in it and hang on 💪.",Franklin D. Roosevelt
"Men are not prisoners of fate ⛓️, but only prisoners of their own minds 🧠.",Franklin D. Roosevelt
The future lies with those wise political leaders 🏛️ who realize that the great public is interested more in government than in politics.,Franklin D. Roosevelt
"Success 🏆 is not final, failure ❌ is not fatal: it is the courage to continue 💪 that counts.",Winston Churchill
"If you're going through hell 🔥, keep going 🚶.",Winston Churchill
"Kites 🪁 rise highest against the wind 💨, not with it.",Winston Churchill
We shall never surrender 🛡️.,Winston Churchill
Attitude 🧠 is a little thing that makes a big difference 🌟.,Winston Churchill
"You have enemies? Good. That means you've stood up for something 🛡️, sometime in your life.",Winston Churchill
Success 🏆 consists of going from failure ❌ to failure without loss of enthusiasm 🔥.,Winston Churchill
I never lose ❌. I either win 🏆 or learn 📚.,Nelson Mandela
The future depends on what you do today 📅.,Mahatma Gandhi
Strength 💪 does not come from physical capacity. It comes from an indomitable will 🔥.,Mahatma Gandhi
You must be the change 🔄 you wish to see in the world 🌎.,Mahatma Gandhi
Live as if you were to die tomorrow 🌅. Learn 📚 as if you were to live forever ♾️.,Mahatma Gandhi
"In a gentle way 🌿, you can shake the world 🌎.",Mahatma Gandhi
The weak can never forgive. Forgiveness ❤️ is the attribute of the strong 💪.,Mahatma Gandhi
"First they ignore you 🙈, then they laugh at you 😂, then they fight you ⚔️, then you win 🏆.",Mahatma Gandhi
A winner 🏆 is a dreamer 💭 who never gives up 🔥.,Nelson Mandela
"The greatest glory in living 🌟 lies not in never falling, but in rising every time we fall 💪.",Nelson Mandela
"I am the master of my fate 🧭, I am the captain of my soul ⚓.",William Ernest Henley
"It matters not how strait the gate 🚪, how charged with punishments the scroll 📜.",William Ernest Henley
What lies behind us 🔙 and what lies before us 🔜 are tiny matters compared to what lies within us ❤️.,Ralph Waldo Emerson
The only person you are destined to become 🌟 is the person you decide to be 🧠.,Ralph Waldo Emerson
"Once you make a decision 🧠, the universe conspires to make it happen ✨.",Ralph Waldo Emerson
Nothing great 🌟 was ever achieved without enthusiasm 🔥.,Ralph Waldo Emerson
Life consists in what a man is thinking of all day 🧠.,Ralph Waldo Emerson
"Our greatest glory 🏆 is not in never failing, but in rising every time we fail 💪.",Confucius
It does not matter how slowly you go 🐢 as long as you do not stop 🛑.,Confucius
"The man who asks a question ❓ is a fool for a minute, the man who does not ask is a fool for life 🧠.",Confucius
"Everything has beauty 🌸, but not everyone sees it 👀.",Confucius
"He who learns 📚 but does not think 🧠, is lost. He who thinks but does not learn is in great danger ⚠️.",Confucius
The journey of a thousand miles 🛣️ begins with one step 👣.,Lao Tzu
Mastering others 💪 is strength. Mastering yourself 🧘 is true power.,Lao Tzu
"When I let go 🍃 of what I am, I become what I might be 🌱.",Lao Tzu
Knowing others is intelligence 🧠; knowing yourself is true wisdom 🦉.,Lao Tzu
A good traveler 🧳 has no fixed plans and is not intent upon arriving 🛣️.,Lao Tzu
"The greatest glory in living 🌟 lies not in never falling, but in rising every time we fall 💪.",Nelson Mandela
"You have power over your mind 🧠—not outside events 🌎. Realize this, and you will find strength 💪.",Marcus Aurelius
The impediment to action 🚧 advances action. What stands in the way becomes the way 🛣️.,Marcus Aurelius
Waste no more time ⏳ arguing about what a good man should be. Be one 💪.,Marcus Aurelius
The happiness 😊 of your life depends upon the quality of your thoughts 🧠.,Marcus Aurelius
"It is not death 💀 that a man should fear, but he should fear never beginning to live 🌱.",Marcus Aurelius
"If it is not right ❌, do not do it; if it is not true 🤥, do not say it.",Marcus Aurelius
"You have power over your mind 🧠, not outside events 🌎.",Marcus Aurelius
"He who fears 😨 he will suffer, already suffers because he fears 🧠.",Michel de Montaigne
The greatest wealth 💰 is to live content with little 🌿.,Plato
Courage 🦁 is knowing what not to fear.,Plato
The beginning 🌱 is the most important part of the work 🛠️.,Plato
"We are what we repeatedly do 🔄. Excellence 🌟, then, is not an act, but a habit.",Aristotle
Pleasure 😊 in the job puts perfection 🌟 in the work.,Aristotle
It is during our darkest moments 🌑 that we must focus 🎯 to see the light 💡.,Aristotle
Knowing yourself 🧠 is the beginning of all wisdom 🦉.,Aristotle
"Quality 🌟 is not an act, it is a habit 🔄.",Aristotle
The secret of getting ahead 🚀 is getting started 🏁.,Mark Twain
Twenty years from now 📆 you will be more disappointed by the things you didn't do 😔 than by the ones you did.,Mark Twain
Continuous improvement 📈 is better than delayed perfection ⏳.,Mark Twain
"Courage 🦁 is resistance to fear 😨, mastery of fear, not absence of fear.",Mark Twain
The two most important days 📅 in your life are the day you are born 👶 and the day you find out why 🎯.,Mark Twain
Don't go around saying the world owes you a living 🌎. The world owes you nothing. It was here first 🌱.,Mark Twain
"It's not the size of the dog 🐕 in the fight, it's the size of the fight 💪 in the dog.",Mark Twain
"If you want to conquer fear 😨, do not sit home 🏠 and think about it. Go out 🚀 and get busy 🛠️.",Dale Carnegie
Develop success 🏆 from failures ❌. Discouragement and failure are two of the surest stepping stones 🪨 to success.,Dale Carnegie
Act enthusiastic 🔥 and you will be enthusiastic.,Dale Carnegie
Today is life 🌅—the only life you are sure of. Make the most of today 🌟.,Dale Carnegie
People rarely succeed 🏆 unless they have fun 😊 in what they are doing.,Dale Carnegie
Don't be afraid 😨 to give up the good 👍 to go for the great 🌟.,John D. Rockefeller
The secret of success 🏆 is to do the common thing uncommonly well 🌟.,John D. Rockefeller
A friendship 🤝 founded on business is better than a business founded on friendship 💼.,John D. Rockefeller
The way to make money 💰 is to buy when blood is running in the streets 🏙️.,John D. Rockefeller
"The most important thing for a young man 👨 is to establish a credit—a reputation 🌟, character 🧭.",John D. Rockefeller
"If you want to be happy 😊, set a goal 🎯 that commands your thoughts, liberates your energy ⚡ and inspires your hopes 🌅.",Andrew Carnegie
"Concentration 🎯 is my motto—first honesty 🤝, then industry 💪, then concentration 🧠.",Andrew Carnegie
Teamwork 🤝 is the ability to work together toward a common vision 🎯.,Andrew Carnegie
No man will make a great leader 👑 who wants to do it all himself.,Andrew Carnegie
"As I grow older ⏳, I pay less attention to what men say 🗣️. I just watch what they do 👀.",Andrew Carnegie
"If you can't outplay them 🏃, outwork them 💪.",Ben Hogan
"The more I practice 🏋️, the luckier I get 🍀.",Gary Player
I've failed over and over and over again ❌ in my life. And that is why I succeed 🏆.,Michael Jordan
"Some people want it to happen 💭, some wish it would happen 🙏, others make it happen 🚀.",Michael Jordan
You miss 100% of the shots 🏀 you don't take 🎯.,Wayne Gretzky
The only way to prove that you're a good loser 🧘 is to lose gracefully.,Eric Hoffer
The difference between the impossible 🚫 and the possible ✨ lies in a man's determination 💪.,Tommy Lasorda
"You can't put a limit 🚧 on anything. The more you dream 💭, the farther you get 🚀.",Michael Phelps
It's hard to beat a person who never gives up 🛡️.,Babe Ruth
Never let the fear of striking out ⚾ keep you from playing the game 🏟️.,Babe Ruth
You have to expect things of yourself 🌟 before you can do them 💪.,Michael Jordan
Champions 🏆 keep playing until they get it right 🎯.,Billie Jean King
Pressure 😤 is a privilege 🏆.,Billie Jean King
A champion 🏆 is afraid of losing ❌. Everyone else is afraid of winning 😨.,Billie Jean King
You have to believe in yourself 💪 when no one else does.,Serena Williams
Luck 🍀 has nothing to do with it.,Serena Williams
Every champion 🏆 was once a contender who refused to give up 🔥.,Rocky Balboa
"The harder the conflict ⚔️, the more glorious the triumph 🏆.",Thomas Paine
Those who expect moments of change 🔄 to be comfortable have not learned their history 📚.,Joan Wallach Scott
Nothing is impossible 🚫. The word itself says “I'm possible!” ✨,Audrey Hepburn
"The most difficult thing 😓 is the decision to act 🚀, the rest is merely tenacity 💪.",Amelia Earhart
Adventure 🗺️ is worthwhile in itself ✨.,Amelia Earhart
The woman who follows the crowd 👥 will usually go no further than the crowd.,Albert Einstein
A person who never made a mistake ❌ never tried anything new 🌱.,Albert Einstein
Imagination 💭 is more important than knowledge 📚.,Albert Einstein
"Life is like riding a bicycle 🚲. To keep your balance ⚖️, you must keep moving 🚴.",Albert Einstein
"Once you stop learning 📚, you start dying 🛑.",Albert Einstein
In the middle of difficulty ⛰️ lies opportunity 🚪.,Albert Einstein
Only those who will risk going too far 🚀 can possibly find out how far one can go 🏁.,T. S. Eliot
"Do not go where the path may lead 🛣️, go instead where there is no path and leave a trail 👣.",Ralph Waldo Emerson
What you do speaks so loudly 🗣️ that I cannot hear what you say 🤫.,Ralph Waldo Emerson
The reward 🏆 of a thing well done is having done it ✅.,Ralph Waldo Emerson
"Once you make a decision 🧠, the universe conspires to make it happen ✨.",Ralph Waldo Emerson
Do not wait ⏳; the time will never be “just right” 🎯.,Napoleon Hill
"Whatever the mind 🧠 of man can conceive and believe 💭, it can achieve 🏆.",Napoleon Hill
A goal 🎯 is a dream 💭 with a deadline ⏰.,Napoleon Hill
Strength 💪 and growth 🌱 come only through continuous effort and struggle ⛰️.,Napoleon Hill
Action 🚀 is the real measure of intelligence 🧠.,Napoleon Hill
Don't wish it were easier 🌱. Wish you were better 💪.,Jim Rohn
Discipline 💪 is the bridge between goals 🎯 and accomplishment 🏆.,Jim Rohn
"Either you run the day 🏃, or the day runs you ⏰.",Jim Rohn
"Success 🏆 is nothing more than a few simple disciplines 💪, practiced every day 📅.",Jim Rohn
Motivation 🔥 is what gets you started. Habit 🔄 is what keeps you going 🚶.,Jim Rohn
We are what we repeatedly do 🔄.,Aristotle
The future depends on what you do today 📅.,Mahatma Gandhi
Hardships ⛰️ often prepare ordinary people for an extraordinary destiny 🌟.,C. S. Lewis
You are never too old ⏳ to set another goal 🎯 or to dream a new dream 💭.,C. S. Lewis
"Courage, dear heart ❤️.",C. S. Lewis
"There are far, far better things ahead 🌅 than any we leave behind 🔙.",C. S. Lewis
"Do not waste time ⏳ knocking on a wall 🧱, hoping to transform it into a door 🚪.",Coco Chanel
The most courageous act 🦁 is still to think for yourself 🧠. Aloud 🗣️.,Coco Chanel
Success 🏆 is most often achieved by those who don't know that failure is inevitable ❌.,Coco Chanel
I don't care what you think about me 🤷. I don't think about you at all 🧘.,Coco Chanel
"You can fail ❌ at what you don't want, so you might as well take a chance 🎲 on doing what you love ❤️.",Jim Carrey
"Life opens up opportunities 🚪 to you, and you either take them 🚀 or you stay afraid 😨 of taking them.",Jim Carrey
"Fear 😨 is going to be a player in your life, but you decide 🎯 how much.",Jim Carrey
Your need for acceptance 🤝 can make you invisible 👻 in this world 🌎.,Jim Carrey
The only person you should try to be better than 🏆 is the person you were yesterday 🌱.,Matty Mullins
"If you don't like the road 🛣️ you're walking, start paving another one 🛠️.",Dolly Parton
Storms ⛈️ make trees 🌳 take deeper roots.,Dolly Parton
Find out who you are 🧭 and do it on purpose 🎯.,Dolly Parton
"If you don't have confidence 💪, you'll always find a way not to win ❌.",Carl Lewis
You can't be afraid 😨 to fail. It's the only way you succeed 🏆.,LeBron James
I like criticism 🗣️. It makes you strong 💪.,LeBron James
You have to be able to accept failure ❌ to get better 📈.,LeBron James
I never dreamed about success 🏆. I worked for it 💪.,Estée Lauder
"I didn't get there by wishing 💭 for it or hoping 🙏 for it, but by working 💪 for it.",Estée Lauder
The only place where success 🏆 comes before work 💪 is in the dictionary 📖.,Vidal Sassoon
"Don't count the days 📅, make the days count 🏆.",Muhammad Ali
He who is not courageous enough 🦁 to take risks will accomplish nothing in life 🚀.,Muhammad Ali
It isn't the mountains ⛰️ ahead to climb that wear you out; it's the pebble 🪨 in your shoe.,Muhammad Ali
Service to others 🤝 is the rent you pay for your room here on earth 🌎.,Muhammad Ali
"Float like a butterfly 🦋, sting like a bee 🐝.",Muhammad Ali
"If you want to make your dreams come true 💭✨, the first thing you have to do is wake up 🌅.",J. M. Power
A person who won't read 📚 has no advantage over one who can't read.,Mark Twain
It is never too late ⏳ to be what you might have been 🌟.,George Eliot
It's never too late ⏳ to be what you might have been 🌟.,George Eliot
The strongest principle of growth 🌱 lies in human choice 🧠.,George Eliot
"Great things 🌟 are not done by impulse, but by a series of small things brought together 🧩.",Vincent van Gogh
What would life be 🌎 if we had no courage 🦁 to attempt anything?,Vincent van Gogh
"If you hear a voice within you 🧠 say “you cannot paint” 🎨, then by all means paint 🖌️, and that voice will be silenced 🤫.",Vincent van Gogh
I am seeking 🔎. I am striving 💪. I am in it with all my heart ❤️.,Vincent van Gogh
Act as if what you do makes a difference 🌍. It does ✅.,William James
Nothing is so fatiguing 😩 as the eternal hanging on of an uncompleted task ⏳.,William James
The greatest use of life 🌟 is to spend it for something that will outlast it ♾️.,William James
"Most people live 🧍, whether physically, intellectually or morally, in a very restricted circle of their potential being 🌟.",William James
"You gain strength 💪, courage 🦁, and confidence 🌟 by every experience in which you really stop to look fear in the face 😨.",Eleanor Roosevelt
The future belongs to those who believe 💭 in the beauty of their dreams ✨.,Eleanor Roosevelt
No one can make you feel inferior 🚫 without your consent 🧠.,Eleanor Roosevelt
You must do the thing 💪 you think you cannot do 🚀.,Eleanor Roosevelt
"Great minds 🧠 have purposes 🎯, others have wishes 💭.",Washington Irving
There is no substitute for hard work 💪.,Thomas Edison
"If we did all the things we are capable of doing 🚀, we would literally astound ourselves 🤯.",Thomas Edison
"Hell 🔥, there are no rules here—we're trying to accomplish something 🎯.",Thomas Edison
Genius 🧠 is one percent inspiration 💡 and ninety-nine percent perspiration 💦.,Thomas Edison
"The successful warrior 🥋 is the average man, with laser-like focus 🎯.",Bruce Lee
Knowing is not enough 🧠; we must apply 🛠️. Willing is not enough; we must do 🚀.,Bruce Lee
"Absorb what is useful 📚, discard what is useless 🗑️ and add what is specifically your own ✨.",Bruce Lee
A goal 🎯 is not always meant to be reached; it often serves simply as something to aim at 🏹.,Bruce Lee
"Mistakes ❌ are always forgivable, if one has the courage 🦁 to admit them.",Bruce Lee
"Do not pray for an easy life 🙏, pray for the strength 💪 to endure a difficult one ⛰️.",Bruce Lee
Knowing is not enough 🧠; we must apply 🛠️.,Bruce Lee
What we achieve inwardly 🧠 will change outer reality 🌎.,Plutarch
"The mind 🧠 is not a vessel to be filled, but a fire 🔥 to be kindled.",Plutarch
The whole future 🔮 lies in uncertainty; live immediately ⏰.,Seneca
Luck 🍀 is what happens when preparation 📚 meets opportunity 🚪.,Seneca
"Difficulties ⛰️ strengthen the mind 🧠, as labor 💪 does the body.",Seneca
We suffer more often 😔 in imagination than in reality 🌎.,Seneca
He who is brave 🦁 is free 🕊️.,Seneca
"If one does not know to which port ⚓ one is sailing, no wind 🌬️ is favorable.",Seneca
"Begin at once 🚀 to live, and count each separate day 📅 as a separate life 🌱.",Seneca
It is not because things are difficult ⛰️ that we do not dare; it is because we do not dare 😨 that they are difficult.,Seneca
"A man who suffers 😔 before it is necessary, suffers more than is necessary.",Seneca
We are more often frightened 😨 than hurt; and we suffer more from imagination 💭 than from reality.,Seneca
No man is more unhappy 😔 than he who never faces adversity ⛰️.,Seneca
"The secret of happiness 😊 is freedom 🕊️, the secret of freedom is courage 🦁.",Thucydides
The bravest 🦁 are surely those who have the clearest vision 👁️ of what is before them.,Thucydides
Hope 🌅 is a waking dream 💭.,Aristotle
"We are what we repeatedly do 🔄. Excellence 🌟, then, is not an act, but a habit.",Aristotle
Well begun 🌱 is half done ✅.,Aristotle
"Quality 🌟 is not an act, it is a habit 🔄.",Aristotle
Pleasure 😊 in the job puts perfection 🌟 in the work.,Aristotle
"The roots 🌱 of education are bitter, but the fruit 🍎 is sweet.",Aristotle
The energy ⚡ of the mind is the essence of life 🌱.,Aristotle
"What we think 🧠, or what we know 📚, or what we believe 💭 is, in the end, of little consequence. The only consequence is what we do 🚀.",John Ruskin
Quality 🌟 is never an accident; it is always the result of intelligent effort 🧠💪.,John Ruskin
"Endurance 🧗 is nobler than strength 💪, and patience 🧘 than beauty ✨.",John Ruskin
There is no wealth 💰 but life 🌱.,John Ruskin
Nothing great 🌟 is ever achieved without much enduring 💪.,Catherine of Siena
Be who God meant you to be 🙏 and you will set the world on fire 🔥.,Catherine of Siena
Start by doing what's necessary 🛠️; then do what's possible 💪; and suddenly you are doing the impossible ✨.,Francis of Assisi
"A journey 🛣️ is best measured in friends 🤝, rather than in miles 🗺️.",Tim Cahill
Do not fear failure ❌ but rather fear not trying 🚀.,Roy T. Bennett
Don't be pushed around by the fears 😨 in your mind. Be led by the dreams 💭 in your heart ❤️.,Roy T. Bennett
It's your life 🌱; you don't need someone's permission 🚫 to live the life you want 🌟.,Roy T. Bennett
"Believe in yourself 💪. You are braver 🦁 than you think, more talented 🌟 than you know, and capable of more 🚀 than you imagine.",Roy T. Bennett
The only person you are destined to become 🌟 is the person you decide to be 🧠.,Ralph Waldo Emerson
"The purpose of life 🌱 is to live it, to taste experience 🍃 to the utmost.",Eleanor Roosevelt
"It is your reaction 🧠 to adversity ⛰️, not the adversity itself, that determines how your life's story 📖 will develop.",Dieter F. Uchtdorf
The future belongs to those who prepare 📚 for it today 📅.,Malcolm X
"If you have no confidence 💪 in self, you are twice defeated ❌ in the race of life 🏁.",Marcus Garvey
The only way to achieve the impossible ✨ is to believe 💭 it is possible.,Charles Kingsleigh
Everything you've ever wanted 🌟 is on the other side of fear 😨.,George Addair
Do not let what you cannot do 🚫 interfere with what you can do 💪.,John Wooden
Make each day 📅 your masterpiece 🎨.,John Wooden
It's what you learn 📚 after you know it all that counts 🧠.,John Wooden
"Don't measure yourself 📏 by what you have accomplished, but rather by what you should have accomplished with your ability 🌟.",John Wooden
Things work out best 🌟 for those who make the best of how things work out 🔄.,John Wooden
Success 🏆 comes from knowing that you did your best 💪 to become the best that you are capable of becoming 🌟.,John Wooden
Do not let making a living 💰 prevent you from making a life 🌱.,John Wooden
"If you don't have time ⏰ to do it right, when will you have time to do it over 🔄?",John Wooden
"Ability 💪 may get you to the top ⛰️, but it takes character 🧭 to keep you there.",John Wooden
The main ingredient of stardom ⭐ is the rest of the team 🤝.,John Wooden
Success 🏆 is peace of mind 🧘 attained only through self-satisfaction in knowing you made the effort 💪 to become the best of which you are capable.,John Wooden
Do not let what you cannot do 🚫 interfere with what you can do 💪.,John Wooden
"Failure ❌ is simply the opportunity 🚪 to begin again 🔄, this time more intelligently 🧠.",Henry Ford
"Whether you think you can 💪, or you think you can't ❌—you're right.",Henry Ford
Coming together 🤝 is a beginning; keeping together is progress 📈; working together is success 🏆.,Henry Ford
Obstacles 🚧 are those frightful things you see when you take your eyes off your goal 🎯.,Henry Ford
"If everyone is moving forward together 🤝, then success takes care of itself 🏆.",Henry Ford
Nothing is particularly hard ⛰️ if you divide it into small jobs 🧩.,Henry Ford
You can't build a reputation 🌟 on what you are going to do 💭.,Henry Ford
"Thinking 🧠 is the hardest work there is, which is probably the reason so few engage in it.",Henry Ford
Failure ❌ is the condiment that gives success 🏆 its flavor.,Truman Capote
The man who has confidence 💪 in himself gains the confidence 🤝 of others.,Hasidic Proverb
The way to get started 🚀 is to quit talking 🗣️ and begin doing 🛠️.,Walt Disney
"All our dreams 💭 can come true ✨, if we have the courage 🦁 to pursue them 🚀.",Walt Disney
It's kind of fun 😄 to do the impossible ✨.,Walt Disney
"If you can dream it 💭, you can do it 🚀.",Walt Disney
The difference between winning 🏆 and losing ❌ is most often not quitting 🔥.,Walt Disney
